Filename,URL,Title,Year,Languages,ID
10 Zivota ( Sr ).mp4 -˙ 575.6 MB,https://send.now/6ez339i2of73,10 Zivota,, Sr ,tt7959138
13 The Musical ( Hr ).mp4 -˙ 903.3 MB,https://send.now/p87980g2c0ld,13 The Musical,, Hr ,tt3975918
101 Dalmatinac 01 ( H i S ).mp4 -˙ 729.4 MB,https://send.cm/qqliildvhs1h,101 Dalmatinac 1,, H i S ,tt0055254
101 Dalmatinac 02 ( Sr ).mp4 -˙ 574.3 MB,https://send.cm/zi4tsdz3bir9,101 Dalmatinac 2,, Sr ,tt0115433
12 Dana Bozica ( H I S ).mp4 -˙ 192.3 MB,https://send.cm/bg0sko7mx6fv,12 Dana Bozica,, H I S ,tt22527810
Ainbo ( H i S ).mp4 -˙ 662.4 MB,https://send.cm/xow2edqrugw3,Ainbo,, H i S ,tt6570098
Ajvanho ( Hr ).mp4 -˙ 475.6 MB,https://send.cm/m8at2ybxevp1,Ajvanho,, Hr ,tt0821787
Ajvanho ( Sr ).mp4 -˙ 648.6 MB,https://send.cm/vupd8uj0htvr,Ajvanho,, Sr ,tt0821787
Akademija Gospodina Kleksa ( Hr ) -˙ 927.7 MB,https://send.cm/kgt7xmlirq0s,Akademija Gospodina Kleksa,, Hr ,tt20857676
Aladin ( H i S ).mp4 -˙ 805.5 MB,https://send.cm/91ozzh2t2xbj,Aladin,, H i S ,tt1690100
Aladin 2019 ( film H I S ).mp4 -˙ 1.2 GB,https://send.cm/nmqsfj6yb5y1,Aladin,2019, film H I S ,tt6139732
Aladin Kralj Lopova ( Hr ).mp4 -˙ 610.0 MB,https://send.cm/ozwrmjlq8ggh,Aladin Kralj Lopova,, Hr ,tt0115491
Aladin Povratak Dzafara ( H i S ).mp4 -˙ 602.3 MB,https://send.cm/kg7ez2sst4nb,Aladin Povratak Dzafara,, H i S ,tt0107952
Albert ( H i S ).mp4 -˙ 347.7 MB,https://send.cm/3x54ylhnxuof,Albert,, H i S ,tt4144206
Alfa I Omega ( H I S ).mp4 -˙ 813.7 MB,https://send.cm/9x0axvtcbthn,Alfa I Omega,, H I S ,tt1213012
Americano ( H i S ).mp4 -˙ 739.4 MB,https://send.cm/m7x97la05vl1,Americano,, H i S ,tt1742023
Angry Birds 01 ( H I S ).mp4 -˙ 1.0 GB,https://send.cm/idb1l2uoanxj,Angry Birds 1,, H I S ,tt1985949
Angry Birds 02 ( H I S ).mp4 -˙ 949.3 MB,https://send.cm/hn96izf8yd10,Angry Birds 2,, H I S ,tt6095472
Anka ( Hr ).mp4 -˙ 597.7 MB,https://send.cm/qohy4ug2pfjj,Anka,, Hr ,tt15520090
Arci ( H i S ).mp4 -˙ 840.4 MB,https://send.cm/1umvev443irs,Arci,, H i S ,tt18933570
Artur Bozic ( H I S ).mp4 -˙ 909.3 MB,https://send.cm/cjl62spdjry4,Artur Bozic,, H I S ,tt1430607
Asterix I Obelix 12 Zadataka ( H I S ).mp4 -˙ 830.4 MB,https://send.cm/7n53hyedkka7,Asterix I Obelix 12 Zadataka,, H I S ,tt0072901
Asterix I Obelix Gal ( H I S ).mp4 -˙ 783.2 MB,https://send.cm/5w05rznt44vf,Asterix I Obelix Gal,, H I S ,tt0088748
Asterix I Obelix Grad Bogova ( H I S ).mp4 -˙ 540.4 MB,https://send.cm/ajuex5uovzou,Asterix I Obelix Grad Bogova,, H I S ,tt3759416
Asterix I Obelix Kleopatra ( H I S ).mp4 -˙ 819.6 MB,https://send.cm/mhzvzid40yyk,Asterix I Obelix Kleopatra,, H I S ,tt0250223
Asterix I Obelix U Britaniji ( H i S ).mp4 -˙ 786.8 MB,https://send.cm/h13tyrf8x8ic,Asterix I Obelix U Britaniji,, H i S ,tt1597522
Asterix I Obelix Velika Bitka ( H I S ).mp4 -˙ 831.4 MB,https://send.cm/eq4yi6e0rb5d,Asterix I Obelix Velika Bitka,, H I S ,tt0096842
Asterix I Obelix Vikinzi ( H i S ).mp4 -˙ 577.0 MB,https://send.cm/va89lt1plr0r,Asterix I Obelix Vikinzi,, H i S ,tt0371552
Astro Boy ( Hr ).mp4 -˙ 734.7 MB,https://send.cm/1ulw3jz2bjsz,Astro Boy,, Hr ,tt0375568
Atlantida Izgubljeno Carstvo ( Sr ).mp4 -˙ 586.5 MB,https://send.cm/ub1up0t1g3sh,Atlantida Izgubljeno Carstvo,, Sr ,tt0230011
Automobili 01 ( H i S ).mp4 -˙ 1.3 GB,https://send.cm/h9nl5ci0g7hs,Automobili 1,, H i S ,tt0093748
Automobili 02 ( Hr ).mp4 -˙ 912.8 MB,https://send.cm/um7q7coth8b9,Automobili 2,, Hr ,tt14039582
Avanture Male Chihiro ( H I S ).mp4 -˙ 904.8 MB,https://send.cm/c80s6t79788k,Avanture Male Chihiro,, H I S ,tt0245429
Avanture Malog Don Kihota ( Hr ).mp4 -˙ 913.7 MB,https://send.now/ugeedggnhmyg,Avanture Malog Don Kihota,, Hr ,tt8816708
Avanture Neustrasivog Teda ( H I S ).mp4 -˙ 852.8 MB,https://send.cm/rwr38y9dk01f,Avanture Neustrasivog Teda,, H I S ,tt1764625
Avioni 01 ( H i S ).mp4 -˙ 782.7 MB,https://send.cm/nswdi66v1i35,Avioni 1,, H i S ,tt1691917
Avioni 02 Nebeski Vatrogasci ( H i S ).mp4 -˙ 784.2 MB,https://send.cm/bev6bv1dy11u,Avioni 2 Nebeski Vatrogasci,, H i S ,tt2980706
Badnja Svjetlost ( Hr ) -˙ 212.9 MB,https://send.cm/lgbcc4cdnp8w,Badnja Svjetlost,, Hr ,tt1184384
Ballerina I Viktor ( H i S ) -˙ 688.8 MB,https://send.cm/iloi3o7j6kbx,Ballerina I Viktor,, H i S ,tt2261287
Balto 01 ( H i S ) -˙ 855.7 MB,https://send.cm/cn254fwcmgd7,Balto 1,, H i S ,tt0112453
Balto 02 ( H i S ) -˙ 594.5 MB,https://send.cm/bw4p6wjfk7uh,Balto 2,, H i S ,tt0281634
Balto 03 ( H i S ) -˙ 652.5 MB,https://send.cm/fd8zzbjm48ci,Balto 3,, H i S ,tt0423849
Bambi 01 ( H i S ) -˙ 524.8 MB,https://send.cm/pvjc15sxy799,Bambi 1,, H i S ,tt0034492
Bambi 02 ( Hr ) -˙ 379.2 MB,https://send.cm/d0awk6s2ixrr,Bambi 2,, Hr ,tt0447854
Bandolero ( Sr ) -˙ 796.5 MB,https://send.cm/mqgfdyhks2ru,Bandolero,, Sr ,tt0062708
Bas Super ( Sr ) -˙ 477.8 MB,https://send.now/03jlcycuf064,Bas Super,, Sr ,tt8435268
Batman I Mr Freeze Subzero ( Hr ) -˙ 456.2 MB,https://send.cm/gjrgj9d17kf3,Batman I Mr Freeze Subzero,, Hr ,tt0143127
Batman I Supermen ( Hr ) -˙ 372.4 MB,https://send.cm/qzrw6vpuae0b,Batman I Supermen,, Hr ,tt21197740
Bee Movie ( Hr ) -˙ 743.8 MB,https://send.cm/x6kl1y80yost,Bee Movie,, Hr ,tt0389790
Beli Ocnjak ( Sr ) -˙ 417.5 MB,https://send.cm/mcimftas3ewi,Beli Ocnjak,, Sr ,tt0243657
Belvil Randevu ( Np ) -˙ 569.6 MB,https://send.cm/kvq226ronv05,Belvil Randevu,, Np ,tt0286244
Ben 10 Alien X Tinction ( H i S ) -˙ 333.8 MB,https://send.cm/tjws6a0yb7dj,Ben 10 Alien X Tinction,, H i S ,tt14422108
Ben 10 Ben 10010 ( H i S ) -˙ 343.8 MB,https://send.cm/kzk3mgm8qkq5,Ben 10 Ben 10010,, H i S ,tt14317168
Ben 10 Ben Gen 10 ( H˙ S ) -˙ 413.1 MB,https://send.cm/2udeetlhwdso,Ben 10 Ben Gen 10,, H˙ S ,tt14422106
Ben Hur ( Sr ) -˙ 527.0 MB,https://send.cm/gcmt48rggcv9,Ben Hur,, Sr ,tt0052618
Ben I Ja ( Sr ) -˙ 142.1 MB,https://send.cm/j8cbpe3waors,Ben I Ja,, Sr ,tt0444200
Benji ( Hr ) -˙ 659.1 MB,https://send.cm/xgdnntk07ip0,Benji,, Hr ,tt1799516
Big Hero 6 ( H I S ) -˙ 832.7 MB,https://send.cm/iw3dtkei8e19,Big Hero 6,, H I S ,tt2245084
Big Time Movie ( H i S ) -˙ 639.7 MB,https://send.cm/11he4kph9r38,Big Time Movie,, H i S ,tt2163203
Binti ( Sr ) -˙ 729.9 MB,https://send.cm/ji4selq0cvzr,Binti,, Sr ,tt6922062
Blago Kralja Solomona ( Hr ) -˙ 337.4 MB,https://send.cm/nv2v70ruov7t,Blago Kralja Solomona,, Hr ,tt0089421
Blurt ( Hr ) -˙ 364.9 MB,https://send.cm/ppgn1qpdz68r,Blurt,, Hr ,tt6948600
Bozicna Avantura ( Hr ) -˙ 288.1 MB,https://send.cm/30ov3zhcwcd8,Bozicna Avantura,, Hr ,tt1855134
Bozicna Bajka ( Hr ) -˙ 252.2 MB,https://send.cm/otydceegx3k9,Bozicna Bajka,, Hr ,tt39333490
Bozicna Prica ( Hr ) -˙ 216.3 MB,https://send.cm/ncrcq2ztxejq,Bozicna Prica,, Hr ,tt0104940
Bozicna Vila ( Hr ) -˙ 299.3 MB,https://send.cm/3utyi4mbqp9p,Bozicna Vila,, Hr ,tt3473654
Bozicni Rap ( Hr ) -˙ 135.0 MB,https://send.cm/mrqbsv8k0b1p,Bozicni Rap,, Hr ,tt24852126
Bozicno Drvce ( Hr ) -˙ 195.9 MB,https://send.cm/xx5ym36djpnm,Bozicno Drvce,, Hr ,tt14187584
Bozicno Drvo ( H i S ) -˙ 436.0 MB,https://send.cm/whnpbp35k1og,Bozicno Drvo,, H i S ,tt0064037
Bratz Genie Magic ( H i S ) -˙ 630.2 MB,https://send.cm/1ndikq0f2izv,Bratz Genie Magic,, H i S ,tt3251832
Brzi Ozi ( Hr ) -˙ 619.8 MB,https://send.cm/xqeglx7wbxa0,Brzi Ozi,, Hr ,tt5770430
Buba ( Np ) -˙ 740.7 MB,https://send.cm/aq47yz2vnm2c,Buba,, Np ,tt21195548
Camelot ( H I S ).mp4 -˙ 581.4 MB,https://send.cm/y5wnh367l2xq,Camelot,, H I S ,tt0061439
Carobna Kocka ( Hr ).mp4 -˙ 319.9 MB,https://send.cm/n8o0rjewdj0q,Carobna Kocka,, Hr ,tt1180335
Carobni Mac ( H i S ).mp4 -˙ 969.2 MB,https://send.now/6num44qdrms3,Carobni Mac,, H i S ,tt4144206
Carobni Princ ( H i S ).mp4 -˙ 632.3 MB,https://send.cm/654y9d90rp20,Carobni Princ,, H i S ,tt17164334
Carobni Prolaz ( Hr ).mp4 -˙ 820.1 MB,https://send.cm/u48f9q1gdaz6,Carobni Prolaz,, Hr ,tt7892450
Carobni Vrtuljak ( H I S ).mp4 -˙ 762.0 MB,https://send.cm/d62zlwqfvm6p,Carobni Vrtuljak,, H I S ,tt0339334
Carobnjakov Sesir ( Hr ).mp4 -˙ 874.1 MB,https://send.cm/75g93cyqtd9f,Carobnjakov Sesir,, Hr ,tt0333215
Carolija Usnulog Zmaja ( H i S ).mp4 -˙ 1.1 GB,https://send.cm/oc45o03pk0ab,Carolija Usnulog Zmaja,, H i S ,tt5954304
Cheburashka ( Hr ).mp4 -˙ 400.5 MB,https://send.cm/be0rgj5liymw,Cheburashka,, Hr ,tt1535430
Chupa ( Hr ).mp4 -˙ 719.8 MB,https://send.now/3aq9610xya81,Chupa,, Hr ,tt14923260
Cica Mica Nesretna Je Prica 01 ( Hr ).mp4 -˙ 513.5 MB,https://send.cm/or1frsyk5q66,Cica Mica Nesretna Je Prica 1,, Hr ,tt1235837
Cica Mica Nesretna Je Prica 02 ( H I S ).mp4 -˙ 579.1 MB,https://send.cm/8vo7ax3kw873,Cica Mica Nesretna Je Prica 2,, H I S ,tt1235837
Coco ( H i S ).mp4 -˙ 1.0 GB,https://send.cm/22mwtjz39e67,Coco,, H i S ,tt2380307
Covpas ( H I S ).mp4 -˙ 802.7 MB,https://send.now/m3a5i6c3bbao,Covpas,, H I S ,tt10954718
Crni Kazan ( Sr ).mp4 -˙ 463.1 MB,https://send.cm/vpe4jcwdog5x,Crni Kazan,, Sr ,tt0088814
Crvena Panda ( H i S ).mp4 -˙ 869.3 MB,https://send.cm/9u8rlhz7di3r,Crvena Panda,, H i S ,tt8097030
Crvencipelica I 7 Patuljaka ( H i S ).mp4 -˙ 721.9 MB,https://send.cm/pw77scr2z7ts,Crvencipelica I 7 Patuljaka,, H i S ,tt4429160
Crvene Cipelice ( Hr ).mp4 -˙ 399.1 MB,https://send.cm/z8k9pme929vn,Crvene Cipelice,, Hr ,tt2572216
Crvenkapa ( H I S ).mp4 -˙ 347.2 MB,https://send.cm/2gswwijifmaq,Crvenkapa,, H I S ,tt38271902
Crvenkapica ( Hr ).mp4 -˙ 219.9 MB,https://send.cm/rz5jtcgxgbu5,Crvenkapica,, Hr ,tt0374589
Cudesna Suma ( Hr ).mp4 -˙ 1.2 GB,https://send.cm/tvb22w9tyxhu,Cudesna Suma,, Hr ,tt0268282
Cudnovate Zgode Segrta Hlapica ( Hr ).mp4 -˙ 684.5 MB,https://send.cm/iryuyn4ge8a7,Cudnovate Zgode Segrta Hlapica,, Hr ,tt0133930
Cudnovili Bozic ( H i S ).mp4 -˙ 729.2 MB,https://send.cm/7z0wxqqkw0yk,Cudnovili Bozic,, H i S ,tt2299368
Cudovista Iz Ormara ( H i S ).mp4 -˙ 893.1 MB,https://send.cm/0yjgh4kmluj0,Cudovista Iz Ormara,, H i S ,tt0198781
Cudovista Protiv Vanzemaljaca ( Hr ).mp4 -˙ 733.0 MB,https://send.cm/ahwky0m80x7m,Cudovista Protiv Vanzemaljaca,, Hr ,tt0892782
Cudovista Sa Sveucilista ( Hr ).mp4 -˙ 831.3 MB,https://send.cm/wzczj3l53g0y,Cudovista Sa Sveucilista,, Hr ,tt1453405
Cudoviste Iz Mora ( Hr ).mp4 -˙ 988.9 MB,https://send.cm/s4dlwlwc4krq,Cudoviste Iz Mora,, Hr ,tt1314248
Culjci ( Hr ).mp4 -˙ 486.4 MB,https://send.now/9fpmwarfmji1,Culjci,, Hr ,tt37677952
Cvrcak I Mrav ( Predstava ) ( Hr ).mp4 -˙ 106.7 MB,https://send.cm/naxrzh31iqlq,Cvrcak I Mrav,, Predstava ,tt4581522
Cvrcak I Mravica ( Hr ).mp4 -˙ 584.4 MB,https://send.cm/diq2n85kq4g5,Cvrcak I Mravica,, Hr ,tt4581522
Cvrcak Na Ognjistu ( Hr ).mp4 -˙ 283.4 MB,https://send.cm/dj08cbz24s55,Cvrcak Na Ognjistu,, Hr ,tt0387954
D Artanjan ( Hr ).mp4 -˙ 680.9 MB,https://send.cm/t294nox9ewug,D Artanjan,, Hr ,tt12672536
D Artanjan ( Sr ).mp4 -˙ 550.0 MB,https://send.cm/f9nekok52xjl,D Artanjan,, Sr ,tt12672536
Dambo ( Sr ).mp4 -˙ 534.7 MB,https://send.cm/gyl82df49p2h,Dambo,, Sr ,tt13379830
Dambo 2019 ( H i S ).mp4 -˙ 869.5 MB,https://send.cm/o70up7fowmtt,Dambo,2019, H i S ,tt3861390
Dan Za Da ( Hr ).mp4 -˙ 816.3 MB,https://send.cm/4e40544qfl4i,Dan Za Da,, Hr ,tt7821192
Dc Liga Super Ljubimaca ( H i S ).mp4 -˙ 803.6 MB,https://send.cm/d6g48gv4kd6w,Dc Liga Super Ljubimaca,, H i S ,tt8912936
Deda Mraz i Kompanija ( Sr ).mp4 -˙ 698.5 MB,https://send.cm/royy8lq7izlz,Deda Mraz i Kompanija,, Sr ,tt7018010
Delfin Berni ( Sr ).mp4 -˙ 737.9 MB,https://send.cm/fjfndi9kkvje,Delfin Berni,, Sr ,tt7549618
Despicable Me 01 ( Hr ).mp4 -˙ 655.3 MB,https://send.cm/ng0fv8jmi1yd,Despicable Me 1,, Hr ,tt1814643
Despicable Me 02 ( H i S ).mp4 -˙ 873.6 MB,https://send.cm/cg60gbg5w76z,Despicable Me 2,, H i S ,tt1690953
Despicable Me 03 ( H I S ).mp4 -˙ 831.4 MB,https://send.cm/d1gdpkl728k5,Despicable Me 3,, H I S ,tt3469046
Despicable Me 04 ( H I S ).mp4 -˙ 737.3 MB,https://send.now/mpeusdlm7k5o,Despicable Me 4,, H I S ,tt7510222
Dia Of The Dead ( Hr ).mp4 -˙ 746.0 MB,https://send.cm/stxdmftc12ja,Dia Of The Dead,, Hr ,tt10691126
Dinosaurus ( Sr ).mp4 -˙ 624.8 MB,https://send.cm/3epuav93q3mw,Dinosaurus,, Sr ,tt14162824
Dinotopija Potraga Za Starim Rubinom ( Hr ).mp4 -˙ 512.3 MB,https://send.cm/uvy5aowcv6m5,Dinotopija Potraga Za Starim Rubinom,, Hr ,tt0372238
Divlji Robot ( H I S ).mp4 -˙ 1.2 GB,https://send.now/xlfo1250r7wj,Divlji Robot,, H I S ,tt29623480
Divlji Spirit ( Hr ).mp4 -˙ 688.8 MB,https://send.cm/9nr8vka6gn8j,Divlji Spirit,, Hr ,tt11084896
Divlji Talasi ( Hr ).mp4 -˙ 816.7 MB,https://send.cm/o69wrgqo35n5,Divlji Talasi,, Hr ,tt0423294
DJ Cinderella ( Hr ).mp4 -˙ 813.9 MB,https://send.cm/e19800afm2sj,DJ Cinderella,, Hr ,tt8716800
Dnevnik Pauline P ( Hr ).mp4 -˙ 931.6 MB,https://send.cm/fj486vrn6xdt,Dnevnik Pauline P,, Hr ,tt27190968
Dobri Dinosaur ( H i S ).mp4 -˙ 1.2 GB,https://send.cm/yxn54s3djqvk,Dobri Dinosaur,, H i S ,tt1979388
Domaca Ekipa ( Hr ).mp4 -˙ 826.7 MB,https://send.cm/08kh62t7e9n0,Domaca Ekipa,, Hr ,tt14592064
Don Kihot ( Hr ).mp4 -˙ 525.1 MB,https://send.cm/31lqie4zhg9x,Don Kihot,, Hr ,tt0374623
Dora U Potrazi Za Sol Doradom ( Sr ).mp4 -˙ 846.3 MB,https://send.now/t04ne9fxznoa,Dora U Potrazi Za Sol Doradom,, Sr ,tt32621553
Dragons Fire˙ Ice ( Hr ).mp4 -˙ 765.0 MB,https://send.cm/izftpb01pfsc,Dragons Fire˙ Ice,, Hr ,tt0425960
Drugari ( Sr ).mp4 -˙ 851.9 MB,https://send.cm/13nrx8wipn47,Drugari,, Sr ,tt21040884
Duga ( Hr ).mp4 -˙ 425.6 MB,https://send.cm/q29a5uej914r,Duga,, Hr ,tt1918789
Dugi Iz Kamenog Doba ( H i S ).mp4 -˙ 802.4 MB,https://send.cm/5qew9cjdn87m,Dugi Iz Kamenog Doba,, H i S ,tt4701724
Duh Babe Ilonke ( Hr ).mp4 -˙ 535.1 MB,https://send.cm/69dcf4b5y7wa,Duh Babe Ilonke,, Hr ,tt1946445
Duh U Mocvari ( Hr ).mp4 -˙ 668.4 MB,https://send.cm/gb9pnesrzo9s,Duh U Mocvari,, Hr ,tt0776770
El Cid ( Hr ) -˙ 301.6 MB,https://send.cm/9ijian5r19ho,El Cid,, Hr ,tt0315000
Eldorado ( Hr ) -˙ 187.4 MB,https://send.cm/hjuldq04vcig,Eldorado,, Hr ,tt7877982
ELIO ( Sr ).mp4 -˙ 566.8 MB,https://send.now/r2fugs7cwai3,ELIO,, Sr ,tt4900148
Eliot ( Sr ) -˙ 498.2 MB,https://send.cm/zl47qle9mcxv,Eliot,, Sr ,tt2853794
Eliot Spasava Bozic ( H i S ) -˙ 769.7 MB,https://send.cm/iw1ygf32fde8,Eliot Spasava Bozic,, H i S ,tt4177856
Enkanto Carobni Svet ( H i S ) -˙ 984.4 MB,https://send.cm/089fq15vpoxd,Enkanto Carobni Svet,, H i S ,tt2953050
Eraksi ( Hr ) -˙ 72.1 MB,https://send.cm/4wmo7wq1i4i9,Eraksi,, Hr ,tt17162512
Ernest I Celestina ( H I S ) -˙ 437.6 MB,https://send.cm/k3hom099lerx,Ernest I Celestina,, H I S ,tt1816518
Everest Mladi Jeti ( Hr ) -˙ 772.3 MB,https://send.cm/jf371vumyexb,Everest Mladi Jeti,, Hr ,tt6324278
Fantasticno Putovanje U Oz ( Sr ) -˙ 746.1 MB,https://send.cm/rq98iy16hevx,Fantasticno Putovanje U Oz,, Sr ,tt4685636
Ferdinand ( H I S ) -˙ 871.1 MB,https://send.cm/kmm4hr4jiyi0,Ferdinand,, H I S ,tt3411444
Film O Nogometu ( Hr ) -˙ 544.0 MB,https://send.cm/cb5aduoson84,Film O Nogometu,, Hr ,tt22774688
Frka ( H i S ) -˙ 694.0 MB,https://send.cm/nu9cxohq50ew,Frka,, H i S ,tt32597616
Gabina Kuca Lutaka Film ( Hr ).mp4 -˙ 1.0 GB,https://send.now/yighu6qg82ys,Gabina Kuca Lutaka Film,, Hr ,tt32214143
Ganesa 02 ( Sr ).mp4 -˙ 296.7 MB,https://send.cm/vpstsv0bji62,Ganesa 2,, Sr ,tt8823390
Gnomeo I Julija ( H I S ).mp4 -˙ 713.3 MB,https://send.cm/052l4qhzdgvx,Gnomeo I Julija,, H I S ,tt0377981
Gospodin Link ( H i S ).mp4 -˙ 569.0 MB,https://send.cm/gjouigenjkep,Gospodin Link,, H i S ,tt6348138
Granimir ( Hr ).mp4 -˙ 169.7 MB,https://send.cm/dvwf7hp1koh5,Granimir,, Hr ,tt5095510
Grinch 2018 ( H i S ).mp4 -˙ 823.5 MB,https://send.cm/dicq6qp4qlf8,Grinch,2018, H i S ,tt2709692
Grof Monte Kristo ( Sr ).mp4 -˙ 306.5 MB,https://send.cm/61t4a5xpyn7s,Grof Monte Kristo,, Sr ,tt26446278
Grom ( Hr ).mp4 -˙ 407.8 MB,https://send.cm/390m3jb36i2i,Grom,, Hr ,tt27114092
Grubzon ( Hr ).mp4 -˙ 121.4 MB,https://send.cm/gho5yzww9oyk,Grubzon,, Hr ,tt1461418
Guliverova Putovanja ( Dizni H I S ).mp4 -˙ 745.7 MB,https://send.cm/jeca548c5xe3,Guliverova Putovanja,, Dizni H I S ,tt0031397
Guliverova Putovanja ( Kiosk ) ( Hr ).mp4 -˙ 248.2 MB,https://send.cm/1uzuocvchejx,Guliverova Putovanja,, Kiosk ,tt0031397
Happy Feet 01 ( Hr ).mp4 -˙ 721.2 MB,https://send.cm/o2wxov9l8a2j,Happy Feet 1,, Hr ,tt0366548
Herkules (1997).mp4 -˙ 782.7 MB,https://send.cm/49g58joiiuky,Herkules,,1997,tt4984690
Hey Arnold ( H i S ).mp4 -˙ 592.9 MB,https://send.cm/qwn3uwxfl395,Hey Arnold,, H i S ,tt0314166
Hitpig ( H i S ).mp4 -˙ 614.9 MB,https://send.now/ae4uvpmzbeuq,Hitpig,, H i S ,tt13176330
Hop ( Hr ).mp4 -˙ 583.7 MB,https://send.cm/jn2itm87rjgc,Hop,, Hr ,tt1411704
Horton ( H I S ).mp4 -˙ 519.0 MB,https://send.cm/ffeww0sba0pg,Horton,, H I S ,tt0451079
Hotel Transilvanija 02 ( H i S ).mp4 -˙ 666.5 MB,https://send.cm/8llvw5ld226q,Hotel Transilvanija 2,, H i S ,tt2510894
Hotel Transilvanija 03 ( H i S ).mp4 -˙ 795.1 MB,https://send.cm/gz1xx4gafuhk,Hotel Transilvanija 3,, H i S ,tt5220122
Hotel Transilvanija 04 ( H i S ).mp4 -˙ 808.8 MB,https://send.cm/0v7aumdtu9dx,Hotel Transilvanija 4,, H i S ,tt9848626
Hrabra Merida ( H I S ).mp4 -˙ 564.1 MB,https://send.cm/sra1hnox9hho,Hrabra Merida,, H I S ,tt1217209
Hrabri Mali Toster ( Hr ).mp4 -˙ 589.9 MB,https://send.cm/69wmm13z88qh,Hrabri Mali Toster,, Hr ,tt0092695
Hrabri Petao ( H i S ).mp4 -˙ 715.1 MB,https://send.cm/0a2jy23hargr,Hrabri Petao,, H i S ,tt4643580
Hua Mulan ( Sr ).mp4 -˙ 472.4 MB,https://send.cm/do5f7ln9dtnq,Hua Mulan,, Sr ,tt0064452
Hugo I Lovci Na Duhove ( Hr ).mp4 -˙ 723.6 MB,https://send.cm/mlmy3ztpyldj,Hugo I Lovci Na Duhove,, Hr ,tt3711622
Hulk Protiv Tora ( Hr ).mp4 -˙ 417.3 MB,https://send.cm/ovxf39m54ufm,Hulk Protiv Tora,, Hr ,tt1325753
Imaginum ( Sr ) -˙ 332.1 MB,https://send.cm/8ovct03zfn1m,Imaginum,, Sr ,tt0451769
Inspektor Brk ( Hr ) -˙ 784.5 MB,https://send.now/rvz38nlgch80,Inspektor Brk,, Hr ,tt6661616
Ivica i Marica ( Hr ) -˙ 242.5 MB,https://send.cm/fs8dlyrc9jen,Ivica i Marica,, Hr ,tt0093144
Ivy I Bean 01 ( Hr ) -˙ 316.6 MB,https://send.cm/l2sj5m2ejb51,Ivy I Bean 1,, Hr ,tt13926132
Izbavitelji 01 ( Hr ) -˙ 898.4 MB,https://send.now/q7ylr8jwmjye,Izbavitelji 1,, Hr ,tt0317705
Izbavitelji 02 ( H i S ) -˙ 1011.4 MB,https://send.now/v2rx4qcc8x2p,Izbavitelji 2,, H i S ,tt3606756
Izmisljeni Prijatelji ( H i S ) -˙ 843.6 MB,https://send.cm/8fhih3lz5fdr,Izmisljeni Prijatelji,, H i S ,tt11152168
Izumitelj ( Sr ) -˙ 507.6 MB,https://send.now/cvu80bmjh76p,Izumitelj,, Sr ,tt0084837
Izvrnuto Obrnuto 02 ( H i S ) -˙ 923.8 MB,https://send.cm/c1daonke26sf,Izvrnuto Obrnuto 2,, H i S ,tt22022452
Jahac Zmaja ( H i S ).mp4 -˙ 753.7 MB,https://send.cm/nht71doa3d7m,Jahac Zmaja,, H i S ,tt7080422
Jinxed ( Hr ).mp4 -˙ 664.2 MB,https://send.cm/qgamt0asj6lw,Jinxed,, Hr ,tt2934844
Juraj I Hrabri Vitezovi ( H I S ).mp4 -˙ 836.9 MB,https://send.cm/z1el07aart12,Juraj I Hrabri Vitezovi,, H I S ,tt1639826
Kako Je Grinch Ukrao Bozic ( Hr ) -˙ 163.4 MB,https://send.cm/2x1u833yffiz,Kako Je Grinch Ukrao Bozic,, Hr ,tt0170016
Kapetan Sabljozubi I Magicni Dijamant ( H i S ) -˙ 708.3 MB,https://send.cm/l6vqhc6in1xb,Kapetan Sabljozubi I Magicni Dijamant,, H i S ,tt8048384
Kavalan ( Sr ) -˙ 402.4 MB,https://send.cm/17uup8zagfeg,Kavalan,, Sr ,tt7478452
Khumba ( H I S ) -˙ 495.6 MB,https://send.cm/qm4ay3e4u4zr,Khumba,, H I S ,tt1487931
Kikoriki Deja Vu ( Sr ) -˙ 762.4 MB,https://send.cm/0o0vim669blm,Kikoriki Deja Vu,, Sr ,tt7050476
Kiriku 01 ( Sr ) -˙ 330.3 MB,https://send.cm/fdj486gmuugd,Kiriku 1,, Sr ,tt0116583
Kiriku 02 ( Sr ) -˙ 285.7 MB,https://send.cm/rwc00xgqr2p9,Kiriku 2,, Sr ,tt0455142
Klaus ( Hr ) -˙ 348.4 MB,https://send.cm/m5e11bs07mba,Klaus,, Hr ,tt4729430
Knjiga O Dzungli 02 ( H i S ) -˙ 631.2 MB,https://send.cm/e8z20cfhozsb,Knjiga O Dzungli 2,, H i S ,tt0283426
Kod Kuce ( H I S ) -˙ 707.0 MB,https://send.cm/m48lz47xkcwp,Kod Kuce,, H I S ,tt14562756
Kompilacija ( Hr ) -˙ 1.1 GB,https://send.cm/5s7a1bxsyb3j,Kompilacija,, Hr ,tt1587420
Kondorito ( Sr ) -˙ 411.6 MB,https://send.cm/tw9tkdl2av4h,Kondorito,, Sr ,tt4494382
Konferencija Zivotinja ( H i S ) -˙ 689.0 MB,https://send.cm/w3sywtuwcvoi,Konferencija Zivotinja,, H i S ,tt1620449
Korgi Kraljevski Pas Velikog Srca ( H I S ) -˙ 505.5 MB,https://send.cm/ppovf5a8pt7k,Korgi Kraljevski Pas Velikog Srca,, H I S ,tt6563576
Kornjaca I Zec ( 2012 ) ( Hr ) -˙ 366.9 MB,https://send.cm/62co3dm9teoa,Kornjaca I Zec,, 2012 ,tt1086798
KPop Demon Hunters ( Hr ) -˙ 665.2 MB,https://send.now/gf9vgynvkf9x,KPop Demon Hunters,, Hr ,tt14205554
Kralj I Ja ( Sr ) -˙ 448.4 MB,https://send.cm/ivl0l5fqq0eh,Kralj I Ja,, Sr ,tt2619806
Kralj I Ptica ( Sr ) -˙ 510.9 MB,https://send.cm/v18zie3qp1r0,Kralj I Ptica,, Sr ,tt0079820
Kralj Lavova ( 2019 H i S ) -˙ 889.3 MB,https://send.cm/t2w42isnhw0r,Kralj Lavova,, 2019 H i S ,tt0110357
Kralj Majmuna ( Hr ) -˙ 855.1 MB,https://send.cm/dqls7capg9h0,Kralj Majmuna,, Hr ,tt8637498
Kralj Nad Kraljevima ( Hr ) -˙ 1.0 GB,https://send.now/e3zclxvpjfdf,Kralj Nad Kraljevima,, Hr ,tt7967302
Kraljevic I Prosjak ( H I S ) -˙ 254.1 MB,https://send.cm/n57kyvo8an3r,Kraljevic I Prosjak,, H I S ,tt1836776
Krcko Orascic ( H i S ) -˙ 363.5 MB,https://send.cm/esrhqhbdbki9,Krcko Orascic,, H i S ,tt0288441
Krudovi 01 ( H I S ) -˙ 846.6 MB,https://send.cm/t40qwo2x1f34,Krudovi 1,, H I S ,tt0481499
Krudovi 02 ( H i S ) -˙ 768.5 MB,https://send.cm/gdbsusjfasp3,Krudovi 2,, H i S ,tt2850386
Kucni Ljubimci Na Tajnom Zadatku ( H i S ) -˙ 804.5 MB,https://send.cm/hq3zl0uy4adl,Kucni Ljubimci Na Tajnom Zadatku,, H i S ,tt11276598
Kung Fu Panda 02 ( H I S ) -˙ 814.2 MB,https://send.cm/b57nw0os1lf0,Kung Fu Panda 2,, H I S ,tt1302011
Kung Fu Panda 03 ( H I S ) -˙ 988.8 MB,https://send.cm/ir4vf4w8s5c6,Kung Fu Panda 3,, H I S ,tt2267968
Kung Fu Panda 04 ( H I S ) -˙ 853.3 MB,https://send.cm/blab6hnrt8zy,Kung Fu Panda 4,, H I S ,tt21692408
Lav Leon ( Hr ).mp4 -˙ 223.0 MB,https://send.cm/70uiqeebebdh,Lav Leon,, Hr ,tt0059039
Lava ( H i S ).mp4 -˙ 38.8 MB,https://send.cm/0j9ulqzxixbj,Lava,, H i S ,tt10923940
Le Piaf ( Np ).mp4 -˙ 160.5 MB,https://send.cm/bwwbfbqi98w1,Le Piaf,, Np ,tt13321782
Ledeno Doba 02 ( H I S ).mp4 -˙ 520.1 MB,https://send.cm/h9ssite2s8jr,Ledeno Doba 2,, H I S ,tt0438097
Ledeno Doba 03 ( H I S ).mp4 -˙ 617.4 MB,https://send.cm/kkf68g5uud4s,Ledeno Doba 3,, H I S ,tt1080016
Ledeno Doba 04 ( H I S ).mp4 -˙ 627.1 MB,https://send.cm/r89a38mgh59f,Ledeno Doba 4,, H I S ,tt1667889
Ledeno Doba 05 ( H I S ).mp4 -˙ 716.1 MB,https://send.cm/7d6hwv5245a9,Ledeno Doba 5,, H I S ,tt3416828
Legenda O Mulan ( Hr ).mp4 -˙ 231.3 MB,https://send.cm/g8shrjs2yeu7,Legenda O Mulan,, Hr ,tt0120762
Legenda O Mulan ( Sr ).mp4 -˙ 186.4 MB,https://send.cm/0fequk7e42a3,Legenda O Mulan,, Sr ,tt0120762
Legenda O Sarili ( H i S ).mp4 -˙ 474.5 MB,https://send.cm/g38w04nmlhot,Legenda O Sarili,, H i S ,tt2296935
Legende Skrivenog Hrama ( Hr ).mp4 -˙ 558.5 MB,https://send.cm/vzlolisi2yhf,Legende Skrivenog Hrama,, Hr ,tt5333842
Legende Skrivenog Hrama ( Sr ).mp4 -˙ 555.2 MB,https://send.cm/8lg01bhtnr3n,Legende Skrivenog Hrama,, Sr ,tt5333842
Lego Betmen ( Hr ).mp4 -˙ 726.1 MB,https://send.cm/450alphh8tts,Lego Betmen,, Hr ,tt4116284
Lego Film 02 ( Hr ).mp4 -˙ 413.7 MB,https://send.cm/7rn86zvpgygh,Lego Film 2,, Hr ,tt3513498
Leif Ericson ( Hr ).mp4 -˙ 522.2 MB,https://send.cm/5b32pcmtuyno,Leif Ericson,, Hr ,tt0202452
Leo ( Hr ).mp4 -˙ 686.4 MB,https://send.cm/87tu06vvj01l,Leo,, Hr ,tt5755238
Leo Da Vinci Misija Mona Liza ( H i S ).mp4 -˙ 743.4 MB,https://send.cm/xbe1p3fop52p,Leo Da Vinci Misija Mona Liza,, H i S ,tt7139246
Lesi 2005 ( Hr ).mp4 -˙ 916.4 MB,https://send.cm/qyzcu4x5exzr,Lesi,2005, Hr ,tt1086293
Letni Kamp ( Hr ).mp4 -˙ 956.1 MB,https://send.now/hvud1ya0gt4p,Letni Kamp,, Hr ,tt2371287
Lil Lil Krokodil ( H i S ).mp4 -˙ 731.8 MB,https://send.cm/dji3j3cgr48q,Lil Lil Krokodil,, H i S ,tt14668630
Lilo I Stic Film ( Sr ).mp4 -˙ 487.9 MB,https://send.cm/lmfi3all96wj,Lilo I Stic Film,, Sr ,tt0486761
Lisica I Pas ( Sr ).mp4 -˙ 475.6 MB,https://send.cm/k83juj4qh8dn,Lisica I Pas,, Sr ,tt0082406
Ljetni Kamp ( Hr ).mp4 -˙ 971.9 MB,https://send.cm/23zpifu7t3qx,Ljetni Kamp,, Hr ,tt21232992
Lola I Velika Tajna (Hr).mp4 -˙ 747.2 MB,https://send.cm/rkb0m5ch8jch,Lola I Velika Tajna,,Hr,tt4500214
Lorax Zastitnik Sume ( Hr ).mp4 -˙ 516.6 MB,https://send.cm/cg6cojl00xzq,Lorax Zastitnik Sume,, Hr ,tt1482459
Losi Momci ( H i S ).mp4 -˙ 851.4 MB,https://send.cm/lprflxftwxzh,Losi Momci,, H i S ,tt30017619
Losi Momci Ukleta Pljacka ( Hr ).mp4 -˙ 97.7 MB,https://send.cm/0xh7r5petuct,Losi Momci Ukleta Pljacka,, Hr ,tt33130902
Lote I Tajna Mesecevog Kamena ( H i S ).mp4 -˙ 591.1 MB,https://send.cm/mahpxobgfiys,Lote I Tajna Mesecevog Kamena,, H i S ,tt2080337
Ludo Krstarenje ( Hr ).mp4 -˙ 654.0 MB,https://send.cm/huz3mqs6e44m,Ludo Krstarenje,, Hr ,tt4058572
Luis I Drustvo Iz Svemira ( H i S ).mp4 -˙ 696.2 MB,https://send.cm/9ouwmnhgwx3v,Luis I Drustvo Iz Svemira,, H i S ,tt4410000
Luka ( H I S ).mp4 -˙ 895.3 MB,https://send.cm/h1vza0gcfy0x,Luka,, H I S ,tt0115254
Luka I Carobni Muzej ( Hr ).mp4 -˙ 507.9 MB,https://send.cm/p0j8a97lyku0,Luka I Carobni Muzej,, Hr ,tt6489160
Mac U Kamenu ( Sr ) -˙ 582.7 MB,https://send.cm/pxkt2b2zmwu9,Mac U Kamenu,, Sr ,tt0057546
Macak Feliks Spasava Bozic ( H I S ) -˙ 641.9 MB,https://send.cm/on7std0qveip,Macak Feliks Spasava Bozic,, H I S ,tt0439567
Macak U Cizmama ( 2012 ) ( H I S ) -˙ 746.6 MB,https://send.cm/shxfcbu1yh2j,Macak U Cizmama,, 2012 ,tt3915174
Macak U Cizmama ( Hr ) -˙ 293.9 MB,https://send.cm/91dwg4n6dgvb,Macak U Cizmama,, Hr ,tt3915174
Macak U Cizmama ( Tv ) ( Hr ) -˙ 434.2 MB,https://send.cm/o3cczae1cow5,Macak U Cizmama,, Tv ,tt3915174
Macak U Cizmama Poslednja Zelja ( H i S ) -˙ 1.2 GB,https://send.now/kf4f8pi2yibs,Macak U Cizmama Poslednja Zelja,, H i S ,tt3915174
Macke Iz Visokog Drustva ( Sr ) -˙ 478.5 MB,https://send.cm/sopx8eyckl5u,Macke Iz Visokog Drustva,, Sr ,tt0065421
Madagaskar 01 ( Hr ) -˙ 661.7 MB,https://send.cm/r94n56bfku0e,Madagaskar 1,, Hr ,tt0438405
Madagaskar 02 ( H I S ) -˙ 767.5 MB,https://send.cm/lfj6ywhj39mb,Madagaskar 2,, H I S ,tt0479952
Madagaskar 03 ( H I S ) -˙ 922.4 MB,https://send.cm/7plae3mqk3ae,Madagaskar 3,, H I S ,tt1277953
Madagaskar Bozic ( Hr ) -˙ 210.2 MB,https://send.now/vdiizvjz6fxj,Madagaskar Bozic,, Hr ,tt1526300
Madelina ( H i S ) -˙ 461.2 MB,https://send.cm/xrm5d6ie9upy,Madelina,, H i S ,tt0159251
Mala Lokomotiva ( Hr ) -˙ 232.3 MB,https://send.cm/257i9mr8pw5j,Mala Lokomotiva,, Hr ,tt0186311
Mala Sirena 01 ( H i S ) -˙ 778.2 MB,https://send.cm/asnkcxg9oocj,Mala Sirena 1,, H i S ,tt0097757
Mala Sirena 02 ( Sr ) -˙ 490.3 MB,https://send.cm/peza1izywlrp,Mala Sirena 2,, Sr ,tt5493944
Mala Velika Panda ( H i S ) -˙ 542.0 MB,https://send.cm/mu8s9m1ltmgs,Mala Velika Panda,, H i S ,tt1576423
Male Sape Na Velikom Putovanju ( Sr ) -˙ 619.9 MB,https://send.now/xtbjcu76pzoj,Male Sape Na Velikom Putovanju,, Sr ,tt29258548
Mali Alan ( Sr ) -˙ 473.4 MB,https://send.now/oa3lb34n1gxg,Mali Alan,, Sr ,tt13387818
Mali Bigfoot ( H i S ) -˙ 653.9 MB,https://send.cm/8vkph1m4dnw0,Mali Bigfoot,, H i S ,tt5715410
Malci Otpisanci ( Hr ) -˙ 578.3 MB,https://send.cm/zm3ddj425wyz,Malci Otpisanci,, Hr ,tt8241000
Malci Otpisanci ( Sr ) -˙ 585.5 MB,https://send.cm/7rwusktsj8gl,Malci Otpisanci,, Sr ,tt8241000
Mali Princ ( H I S ) -˙ 627.2 MB,https://send.cm/93okgsg6sy3d,Mali Princ,, H I S ,tt5053088
Mali Sef 01 ( H I S ) -˙ 640.3 MB,https://send.cm/ff8bmc2slm83,Mali Sef 1,, H I S ,tt3874544
Mali Sef 02 ( H i S ) -˙ 1.1 GB,https://send.cm/ogb3i4r7fs5b,Mali Sef 2,, H i S ,tt6932874
Mali Sef Bozic ( Hr ) -˙ 262.1 MB,https://send.now/gg4h9ny01y3g,Mali Sef Bozic,, Hr ,tt23546646
Mali Sef Bozic ( Sr ) -˙ 317.2 MB,https://send.cm/uxdxtjj1h9vm,Mali Sef Bozic,, Sr ,tt23546646
Marko Makako ( Sr ) -˙ 540.0 MB,https://send.cm/o566gykdxpe5,Marko Makako,, Sr ,tt1614955
Marta I Bozicno Cudoviste ( Hr ) -˙ 104.9 MB,https://send.cm/2xwhv1t5z9yj,Marta I Bozicno Cudoviste,, Hr ,tt2985984
Matilda ( Hr ) -˙ 1.1 GB,https://send.cm/4a0587agvjeh,Matilda,, Hr ,tt0117008
Mecava ( Hr ) -˙ 732.3 MB,https://send.cm/gh2putvjwtxb,Mecava,, Hr ,tt0076381
Medino Bozicno Cudo ( Hr ) -˙ 537.2 MB,https://send.cm/ncf8l6b8cea5,Medino Bozicno Cudo,, Hr ,tt21054736
Medvjedic Winnie ( Hr ) -˙ 298.6 MB,https://send.cm/g1dght09ajg1,Medvjedic Winnie,, Hr ,tt1449283
Megaum ( Hr ) -˙ 601.0 MB,https://send.cm/xk88ee3uvuot,Megaum,, Hr ,tt1001526
Mia I Migu ( Sr ) -˙ 371.4 MB,https://send.cm/0kzdl7nvejy9,Mia I Migu,, Sr ,tt0792978
Mighty Express Utrka Mocnih Vlakova ( Hr ) -˙ 257.8 MB,https://send.now/dz2j7235bcnb,Mighty Express Utrka Mocnih Vlakova,, Hr ,tt23546638
Mikijeva Bozicna Prica ( Sr ) -˙ 199.0 MB,https://send.cm/jj9h8la247s6,Mikijeva Bozicna Prica,, Sr ,tt0085936
Minecraft Film ( H i S ) -˙ 1.1 GB,https://send.now/70abbou2q9yw,Minecraft Film,, H i S ,tt3566834
Mini Heroji ( Hr ) -˙ 1.0 GB,https://send.cm/95dcdunf3jtl,Mini Heroji,, Hr ,tt10600398
Minions 01 ( H I S ) -˙ 608.5 MB,https://send.cm/tupd7o5219e4,Minions 1,, H I S ,tt22184976
Minions 02 ( H I S ) -˙ 958.1 MB,https://send.cm/t2ybdujusv29,Minions 2,, H I S ,tt23382644
Minuscule 02 ( Np ) -˙ 364.3 MB,https://send.cm/0k4u2jbuu7u6,Minuscule 2,, Np ,tt7296782
Mlada Pocahontas ( Hr ) -˙ 251.5 MB,https://send.cm/o0tlf92ryt99,Mlada Pocahontas,, Hr ,tt0181175
Mladi Herkules ( Hr ) -˙ 193.2 MB,https://send.cm/z6fgatdcao2t,Mladi Herkules,, Hr ,tt0489210
Moj Dida Je Pao S Marsa ( Hr ) -˙ 576.1 MB,https://send.cm/qj3myigaqaf3,Moj Dida Je Pao S Marsa,, Hr ,tt7662644
Moj Mali Poni Najbolji Poklon Svih Vremena ( Sr ) -˙ 270.9 MB,https://send.now/8sjmwlh4yp0b,Moj Mali Poni Najbolji Poklon Svih Vremena,, Sr ,tt8734822
Moj Mali Pony Film 2017 ( H i S ) -˙ 692.3 MB,https://send.cm/ptewd1el77id,Moj Mali Pony Film,2017, H i S ,tt4131800
Moj Susjed Totoro ( Sr ) -˙ 375.4 MB,https://send.cm/9404e16jos9c,Moj Susjed Totoro,, Sr ,tt0096283
Moja Cudovisna Obitelj 02 ( H i S ) -˙ 1.2 GB,https://send.cm/5oxeafyomf1l,Moja Cudovisna Obitelj 2,, H i S ,tt15096796
Momo ( Sr )˙ -˙ 451.3 MB,https://send.cm/r6t8gw0swop9,Momo,, Sr ,tt6556552
Monstermania ( H i S ) -˙ 1.1 GB,https://send.cm/ln8ug1exq4my,Monstermania,, H i S ,tt8337158
Morska Neman ( Hr ) -˙ 1018.5 MB,https://send.cm/2cu40eb4vme5,Morska Neman,, Hr ,tt9288046
Mrav Pesadinac ( Sr ) -˙ 571.2 MB,https://send.cm/92rnxq5ezn8f,Mrav Pesadinac,, Sr ,tt0188916
Mravi ( Hr ) -˙ 373.9 MB,https://send.cm/7u6gpk8duk82,Mravi,, Hr ,tt4581522
Mulan 01 ( Sr ) -˙ 443.4 MB,https://send.cm/pj4n847wdw91,Mulan 1,, Sr ,tt5221354
Mulan 02 ( Sr ) -˙ 431.6 MB,https://send.cm/5ardltk9048b,Mulan 2,, Sr ,tt33059650
Najmanji Andeo ( Hr ) -˙ 324.0 MB,https://send.cm/4xn6pmnkbydw,Najmanji Andeo,, Hr ,tt1869724
Napred ( H i S ) -˙ 865.5 MB,https://send.cm/89ey6o03utrq,Napred,, H i S ,tt36932684
Naruto Shippuden ( Sr ) -˙ 547.5 MB,https://send.cm/jm8q5z1os4it,Naruto Shippuden,, Sr ,tt0988982
Navijacice ( Sr ) -˙ 523.9 MB,https://send.cm/nr4v3aaq1co2,Navijacice,, Sr ,tt5125894
Ne Gledaj Gore ( Hr ) -˙ 1.6 GB,https://send.cm/x7soqi4w4mkk,Ne Gledaj Gore,, Hr ,tt11286314
Nebesa ( Hr ) -˙ 461.0 MB,https://send.cm/heq90qudfpzj,Nebesa,, Hr ,tt11034276
Nerazdvojni ( Sr ) -˙ 728.2 MB,https://send.now/f3smr7nazm1r,Nerazdvojni,, Sr ,tt20221460
Nesavrseni Robot Ron ( H i S ) -˙ 974.9 MB,https://send.cm/21fxuzmu11ug,Nesavrseni Robot Ron,, H i S ,tt7504818
Neslomljivi Duh ( Hr ) -˙ 914.6 MB,https://send.now/rpp556xx9vis,Neslomljivi Duh,, Hr ,tt2353868
Nevidljivi Covek ( Sr ) -˙ 336.2 MB,https://send.cm/vuu8qd7dehty,Nevidljivi Covek,, Sr ,tt0024184
Next Gen ( Hr ) -˙ 538.2 MB,https://send.cm/nyky335yapnr,Next Gen,, Hr ,tt7133686
Nick˙ Noel ( Hr ) -˙ 140.3 MB,https://send.cm/7pxrfqbhzyju,Nick˙ Noel,, Hr ,tt0316317
Nick˙ Noel ( Sr ) -˙ 138.8 MB,https://send.cm/cekuecnx7po7,Nick˙ Noel,, Sr ,tt0316317
Nicky Deuce ( Hr ) -˙ 514.9 MB,https://send.cm/xbnkajdo4s63,Nicky Deuce,, Hr ,tt2312862
Nicky Deuce ( Sr ) -˙ 351.5 MB,https://send.now/njjj4mmo4fum,Nicky Deuce,, Sr ,tt2312862
Niko 02 Mali Brat Velika Frka ( H I S ) -˙ 453.3 MB,https://send.cm/ztwe7tel99h8,Niko 2 Mali Brat Velika Frka,, H I S ,tt1856053
Niko Bozicna Potraga ( Hr ) -˙ 458.3 MB,https://send.cm/qt9a7f4oetbi,Niko Bozicna Potraga,, Hr ,tt0885415
Nimona ( Hr ) -˙ 651.8 MB,https://send.cm/0jrxoylg8e21,Nimona,, Hr ,tt19500164
Nindza Kornjace ( Film H I S ) -˙ 549.7 MB,https://send.cm/gz6vbt5js9sv,Nindza Kornjace,, Film H I S ,tt3949660
Nindza Kornjace Haos ( H i S ) -˙ 863.1 MB,https://send.cm/xj8a7ik687a7,Nindza Kornjace Haos,, H i S ,tt8589698
Nocni Dnevnici ( Hr ) -˙ 654.9 MB,https://send.cm/jyb6swmg5lbz,Nocni Dnevnici,, Hr ,tt10521144
Nocturna ( Sr ) -˙ 345.3 MB,https://send.cm/p32ils379os4,Nocturna,, Sr ,tt0079635
Nogometna Groznica ( Hr ) -˙ 304.2 MB,https://send.cm/q5j7bai1l3e6,Nogometna Groznica,, Hr ,tt0119114
Nosorog Oto ( Sr ) -˙ 319.5 MB,https://send.cm/xati7yslygqo,Nosorog Oto,, Sr ,tt2583814
Nova Generacija ( Hr ) -˙ 569.5 MB,https://send.cm/f34qi9uyto29,Nova Generacija,, Hr ,tt0105251
Novi Dom ( Hr ) -˙ 102.6 MB,https://send.cm/zpvqxqjd1i1v,Novi Dom,, Hr ,tt1964418
O Bozicno Drvce ( Hr ) -˙ 209.8 MB,https://send.cm/l40xzfiwgl15,O Bozicno Drvce,, Hr ,tt0284362
Oblacno Sa Cuftama 02 ( Hr ) -˙ 668.8 MB,https://send.cm/elmvm01499pe,Oblacno Sa Cuftama 2,, Hr ,tt1985966
Ocev Zmaj ( Hr ) -˙ 484.7 MB,https://send.cm/ncnq39iz3psi,Ocev Zmaj,, Hr ,tt9288748
Odiseja ( Hr ) -˙ 249.9 MB,https://send.cm/jsytmmh13hl2,Odiseja,, Hr ,tt12922900
Odvazna Iva I Skriveno Blago Maglograda ( Hr ) -˙ 673.1 MB,https://send.cm/rll168tjrvm4,Odvazna Iva I Skriveno Blago Maglograda,, Hr ,tt15091284
Oliver Tvist ( Sr ) -˙ 423.8 MB,https://send.cm/1dec6en927ap,Oliver Tvist,, Sr ,tt0380599
On Je Sve To ( Hr ) -˙ 824.0 MB,https://send.cm/he0usoabp3du,On Je Sve To,, Hr ,tt4590256
Ooops 02 Avantura Se Nastavlja ( H i S ) -˙ 797.4 MB,https://send.cm/jaamu89vg3i0,Ooops 2 Avantura Se Nastavlja,, H i S ,tt12615474
Orion I Mrak ( Hr ) -˙ 529.6 MB,https://send.cm/ln74tcc6nzyr,Orion I Mrak,, Hr ,tt28066777
Osvetnici ( Hr ) -˙ 394.6 MB,https://send.cm/xffxhjl1jnni,Osvetnici,, Hr ,tt0848228
Otmica ( Hr ) -˙ 255.8 MB,https://send.cm/3ro6olziu11f,Otmica,, Hr ,tt39140662
Oto Istrazivac Dubina ( H i S ) -˙ 505.5 MB,https://send.cm/agkr2mrm6007,Oto Istrazivac Dubina,, H i S ,tt4105584
Over The Moon ( Hr ) -˙ 541.8 MB,https://send.cm/pefo51fnchfs,Over The Moon,, Hr ,tt7488208
Ozi˙ Glas Sume ( Sr ) -˙ 650.1 MB,https://send.now/k5hu4kyqmneu,Ozi˙ Glas Sume,, Sr ,tt12981702
Palcica ( Hr ) -˙ 123.6 MB,https://send.cm/9e176rka62zf,Palcica,, Hr ,tt1398940
Panda U Africi ( Hr ) -˙ 699.9 MB,https://send.now/mnvk62wpwqm7,Panda U Africi,, Hr ,tt13616980
Panda U Africi ( Sr ) -˙ 590.0 MB,https://send.now/wpgrrwimzgay,Panda U Africi,, Sr ,tt13616980
Pat I Mat Film 04 ( Np ) -˙ 423.6 MB,https://send.cm/aacrmx0rq1ir,Pat I Mat Film 4,, Np ,tt5320892
Patke Selice ( H I S ) -˙ 758.6 MB,https://send.cm/id3atwpjxvu9,Patke Selice,, H I S ,tt6495056
Patke Za Nemoguce Zadatke ( Hr ) -˙ 735.4 MB,https://send.cm/9gxsfutdgnxa,Patke Za Nemoguce Zadatke,, Hr ,tt3723780
Patuljci Uzvracaju Udarac ( H i S ) -˙ 594.0 MB,https://send.cm/gb816v7jprjy,Patuljci Uzvracaju Udarac,, H i S ,tt5851786
Pazi Se Carobnjaka ( Hr ) -˙ 709.3 MB,https://send.cm/k4yx4a4xczdb,Pazi Se Carobnjaka,, Hr ,tt6494344
Pcelica Maja 02 Medene Igre ( H i S ) -˙ 592.6 MB,https://send.cm/ci24we77nhk6,Pcelica Maja 2 Medene Igre,, H i S ,tt6685596
Pcelica Maja 03 Zlatno Jaje ( H i S ) -˙ 597.8 MB,https://send.cm/30l0oyqquu9i,Pcelica Maja 3 Zlatno Jaje,, H i S ,tt11792512
Pepeljuga 01 ( H I S ) -˙ 459.0 MB,https://send.cm/0v54thvnw9ft,Pepeljuga 1,, H I S ,tt0356470
Pepeljuga 02 ( Sr ) -˙ 329.1 MB,https://send.cm/a41gwgjx4jis,Pepeljuga 2,, Sr ,tt1661199
Peraustrinia ( Sr ) -˙ 469.0 MB,https://send.cm/kn5bztq3yedt,Peraustrinia,, Sr ,tt0098077
Pernata Banda ( H i S ) -˙ 571.2 MB,https://send.cm/5y50cntqqs6a,Pernata Banda,, H i S ,tt3181400
Pet Legendi ( H I S ) -˙ 757.9 MB,https://send.cm/zbxxaeal53fy,Pet Legendi,, H I S ,tt1446192
Petar Pan 01 ( Sr ) -˙ 437.4 MB,https://send.cm/tfmvrnsxotfw,Petar Pan 1,, Sr ,tt0046183
Petar Pan 02 ( Sr ) -˙ 328.6 MB,https://send.cm/uoa8s57radp7,Petar Pan 2,, Sr ,tt0316396
Petar Zecimir 01 ( H i S ) -˙ 852.8 MB,https://send.cm/afqjlq57i11p,Petar Zecimir 1,, H i S ,tt5117670
Petar Zecimir 02 ( H i S ) -˙ 798.5 MB,https://send.cm/qltrqhhbmtl4,Petar Zecimir 2,, H i S ,tt5117670
Pingvin Pingo ( Sr ) -˙ 461.2 MB,https://send.cm/j6bb65fx8jco,Pingvin Pingo,, Sr ,tt8609660
Pinokio 3000 ( Hr ) -˙ 453.1 MB,https://send.cm/1r4ukufjq7dl,Pinokio 3000,, Hr ,tt0332318
Planeta 51 ( Hr ) -˙ 468.8 MB,https://send.cm/6grq6w4f9bs4,Planeta 51,, Hr ,tt0762125
Plankton ( Hr ) -˙ 595.6 MB,https://send.now/5n3hy4jfvkil,Plankton,, Hr ,tt10069606
Pobuna Na Farmi ( H i S ) -˙ 475.2 MB,https://send.cm/527w8zjnjlal,Pobuna Na Farmi,, H i S ,tt0299172
Pobuna U Kokosinjcu Zora Medaljona ( Hr ) -˙ 586.4 MB,https://send.cm/r4g0f2ihz24s,Pobuna U Kokosinjcu Zora Medaljona,, Hr ,tt8337264
Pocahontas ( Kiosk H i S ) -˙ 344.5 MB,https://send.cm/7i7t31w1b8yk,Pocahontas,, Kiosk H i S ,tt0114148
Pokahontas 01 ( Sr ) -˙ 344.6 MB,https://send.cm/l6fs2qcmj369,Pokahontas 1,, Sr ,tt0114148
Pokahontas 02 ( Sr ) -˙ 328.1 MB,https://send.cm/bka75aeixt9a,Pokahontas 2,, Sr ,tt0143808
Pokretni Dvorac ( Hr ) -˙ 536.7 MB,https://send.cm/6i0sorwln9n1,Pokretni Dvorac,, Hr ,tt0347149
Polarna Avantura ( H i S ) -˙ 650.9 MB,https://send.cm/snyw7n33tfa4,Polarna Avantura,, H i S ,tt4426464
Pom Poko ( Sr ) -˙ 580.3 MB,https://send.cm/15ncfk9ldjq0,Pom Poko,, Sr ,tt0110008
Poplava ( NP ) -˙ 1.4 GB,https://send.now/zkhw5a2ed73s,Poplava,, NP ,tt0173018
Porco Rosso ( Sr ) -˙ 529.2 MB,https://send.cm/8415rv4dt9zm,Porco Rosso,, Sr ,tt0104652
Postar Pat Film ( Hr ) -˙ 399.7 MB,https://send.cm/c3zvwwcjk7k9,Postar Pat Film,, Hr ,tt2062622
Potraga za Dorom ( H i S ) -˙ 848.3 MB,https://send.cm/le5m4lu2hr50,Potraga za Dorom,, H i S ,tt2277860
Preko Ograde ( Hr ) -˙ 393.8 MB,https://send.cm/r7cdzmcruehv,Preko Ograde,, Hr ,tt0327084
Prestar Za Bajke 01 (2022) -˙ 743.5 MB,https://send.cm/vmy8ht6zl0v8,Prestar Za Bajke 1,,2022,tt15575356
Prestar Za Bajke 02 (2022) -˙ 876.9 MB,https://send.cm/bev0je42r00k,Prestar Za Bajke 2,,2022,tt31739491
Prica O Igrackama 01 ( H I S ) -˙ 727.4 MB,https://send.cm/r37gkwpvyka8,Prica O Igrackama 1,, H I S ,tt0114709
Prica O Igrackama 02 ( H I S ) -˙ 826.7 MB,https://send.cm/p6mywala3ix3,Prica O Igrackama 2,, H I S ,tt0120363
Prica O Igrackama 03 ( H I S ) -˙ 922.0 MB,https://send.cm/t82qkuqel46y,Prica O Igrackama 3,, H I S ,tt0435761
Prica O Igrackama 04 ( H I S ) -˙ 818.1 MB,https://send.cm/xwt1xzioxn8b,Prica O Igrackama 4,, H I S ,tt1979376
Prica O Igrackama Bozicna Prica ( Hr ) -˙ 141.5 MB,https://send.cm/a3z2e1gsoqa8,Prica O Igrackama Bozicna Prica,, Hr ,tt3473654
Prica O Jacku Frostu ( Hr ) -˙ 180.9 MB,https://send.cm/03c717msybb2,Prica O Jacku Frostu,, Hr ,tt0499576
Prica O Leptiru ( Hr ) -˙ 671.6 MB,https://send.now/0r36i2mewglk,Prica O Leptiru,, Hr ,tt8434394
Prica O Misu Zvanom Despero ( Hr ) -˙ 370.5 MB,https://send.cm/f5rcjwyye59n,Prica O Misu Zvanom Despero,, Hr ,tt0420238
Princ Egipta ( Hr ) -˙ 343.6 MB,https://send.cm/grzmbydj3l1c,Princ Egipta,, Hr ,tt0120794
Princeva Strana Price ( H i S ) -˙ 506.6 MB,https://send.cm/talo7sdtvzuj,Princeva Strana Price,, H i S ,tt4086018
Princeza I Zaba ( Hr ) -˙ 465.6 MB,https://send.cm/lzmmtcon2vfu,Princeza I Zaba,, Hr ,tt0780521
Princeza I Zmaj ( Sr ) -˙ 696.8 MB,https://send.cm/s01efdzxvq3s,Princeza I Zmaj,, Sr ,tt13651628
Princeza Late i Magicni Vodeni Kamen ( Sr ) -˙ 634.1 MB,https://send.cm/5ohztojo1dyh,Princeza Late i Magicni Vodeni Kamen,, Sr ,tt9038290
Prste(n) K Sebi ( Hr ) -˙ 700.9 MB,https://send.cm/ec7988wqj470,Prste(n) K Sebi,,n,tt5161658
Pupijeva Potraga ( H I S ) -˙ 583.6 MB,https://send.cm/9z5n00qlhzsv,Pupijeva Potraga,, H I S ,tt1891905
Pusti Vodu Da Misevi Odu ( Hr ) -˙ 620.6 MB,https://send.cm/tv9qhy2dn2kc,Pusti Vodu Da Misevi Odu,, Hr ,tt0424095
Put Oko Sveta Za 80 Dana ( H i S ) -˙ 542.3 MB,https://send.cm/8sylett8b1pk,Put Oko Sveta Za 80 Dana,, H i S ,tt0327437
Put Oko Sveta Za 80 Dana 2021 ( H i S ) -˙ 627.2 MB,https://send.cm/rlguscgcg8or,Put Oko Sveta Za 80 Dana,2021, H i S ,tt10341040
Put U Eldorado ( Hr ) -˙ 705.3 MB,https://send.cm/p3ubclslhl19,Put U Eldorado,, Hr ,tt0138749
Rags ( H i S ).mp4 -˙ 1.0 GB,https://send.cm/qy7wkd3sdj3g,Rags,, H i S ,tt1910605
Raja I Poslednji Zmaj ( H i S ).mp4 -˙ 892.5 MB,https://send.cm/mnaeeegfpd0o,Raja I Poslednji Zmaj,, H i S ,tt5109280
Rajski Vrt ( Sr ).mp4 -˙ 231.6 MB,https://send.cm/ibiil08hf9w7,Rajski Vrt,, Sr ,tt3876942
Rajsko Putovanje ( Sr ).mp4 -˙ 318.1 MB,https://send.cm/odtmozp2cpq4,Rajsko Putovanje,, Sr ,tt3480110
Rango ( Hr ).mp4 -˙ 1.1 GB,https://send.cm/vuy2i88zubzk,Rango,, Hr ,tt1192628
Rarg ( Hr ).mp4 -˙ 180.3 MB,https://send.cm/s09t9oyvqcs8,Rarg,, Hr ,tt0216140
Ratatouille ( H I S ).mp4 -˙ 613.6 MB,https://send.cm/n7zsy864e8ld,Ratatouille,, H I S ,tt0382932
Ratchet I Clank ( H I S ).mp4 -˙ 576.7 MB,https://send.cm/ii5felul02bf,Ratchet I Clank,, H I S ,tt2865120
Razbijac Ralf 02 ( H i S ).mp4 -˙ 744.7 MB,https://send.cm/3zzkc7gjai2n,Razbijac Ralf 2,, H i S ,tt5848272
Riba Ribi Grize Rep ( Hr ).mp4 -˙ 570.4 MB,https://send.cm/h3lj79db9e9i,Riba Ribi Grize Rep,, Hr ,tt0307453
Ringe Ringe Raja ( H i S ).mp4 -˙ 769.3 MB,https://send.cm/v1b3kmf5qe7x,Ringe Ringe Raja,, H i S ,tt4940416
Rio 01 ( H I S ).mp4 -˙ 661.3 MB,https://send.cm/jeuj3ko8fa9u,Rio 1,, H I S ,tt1167660
Rio 02 ( H I S ).mp4 -˙ 802.6 MB,https://send.cm/yue9x3kuttom,Rio 2,, H I S ,tt2357291
Riverdance ( Hr ).mp4 -˙ 698.5 MB,https://send.cm/dzqj8uls5q1r,Riverdance,, Hr ,tt0307384
Rob Roj ( H i S ).mp4 -˙ 346.1 MB,https://send.cm/7kgsnymy78dj,Rob Roj,, H i S ,tt0114287
Robin Robin ( Hr ).mp4 -˙ 201.3 MB,https://send.cm/lf465wkhjaqe,Robin Robin,, Hr ,tt0786915
Robinson Kruso ( Hr ).mp4 -˙ 98.0 MB,https://send.cm/99ghz7gfcft6,Robinson Kruso,, Hr ,tt4731008
Robinson Kruso 2016 ( H I S ).mp4 -˙ 569.3 MB,https://send.cm/v8e360ej436a,Robinson Kruso,2016, H I S ,tt4731008
Roboti ( Hr ).mp4 -˙ 537.8 MB,https://send.cm/o21knmh47vn7,Roboti,, Hr ,tt21987308
Rudolf Jelen Crvenog Nosica ( H i S ).mp4 -˙ 773.5 MB,https://send.cm/2m0icaga05hp,Rudolf Jelen Crvenog Nosica,, H i S ,tt0058536
Rufus 01 ( H i S ).mp4 -˙ 455.6 MB,https://send.now/kq1enxvkt5lb,Rufus 1,, H i S ,tt0024509
Rufus 02 ( H i S ).mp4 -˙ 450.6 MB,https://send.now/0lj04as0p0oc,Rufus 2,, H i S ,tt5687968
Ruzno Pace I Ja ( Hr ).mp4 -˙ 387.5 MB,https://send.cm/q7yebbth0d9m,Ruzno Pace I Ja,, Hr ,tt0396042
Saba Mali Ratnik Velikoga Srca ( H i S ) -˙ 938.6 MB,https://send.cm/dyx7e5rct2eh,Saba Mali Ratnik Velikoga Srca,, H i S ,tt4075322
Sadko ( Sr ) -˙ 779.2 MB,https://send.cm/umt5tw2ymwba,Sadko,, Sr ,tt9846154
Sammy 01 ( H I S ) -˙ 606.3 MB,https://send.cm/2bsn3o3shn9d,Sammy 1,, H I S ,tt2128499
Samo Sanjaj ( Hr ) -˙ 472.4 MB,https://send.now/4hkmkwk0yrm3,Samo Sanjaj,, Hr ,tt27604215
Sandokan ( H i S ) -˙ 948.8 MB,https://send.cm/h7i02u6v38as,Sandokan,, H i S ,tt0211578
Sarlotina Mreza ( Hr ) -˙ 1.0 GB,https://send.cm/at8fc82m867t,Sarlotina Mreza,, Hr ,tt0413895
Scooby Doo 2020 ( Hr ) -˙ 915.7 MB,https://send.cm/itj2c2xze0f8,Scooby Doo,2020, Hr ,tt12838958
Scooby Doo Cudoviste Iz Loch Nessa ( H I S ) -˙ 607.2 MB,https://send.cm/vz01js82az40,Scooby Doo Cudoviste Iz Loch Nessa,, H I S ,tt0418141
Scooby Doo Kiberneticki Lov ( H i S ) -˙ 488.2 MB,https://send.cm/atdmwd32vyut,Scooby Doo Kiberneticki Lov,, H i S ,tt0290057
Scrooge Bozicna Prica ( Hr ) -˙ 806.6 MB,https://send.cm/5vdpqoa7tlqd,Scrooge Bozicna Prica,, Hr ,tt0044008
Sedmi Brat ( Hr ) -˙ 397.2 MB,https://send.cm/1lzuoajmlzug,Sedmi Brat,, Hr ,tt0112545
Sedmi Patuljak ( H I S ) -˙ 563.2 MB,https://send.cm/blkwgqiuc7rk,Sedmi Patuljak,, H I S ,tt2914892
Segrt Hlapic ( Hr ).mp4 -˙ 552.9 MB,https://send.now/lt4a9z2baptc,Segrt Hlapic,, Hr ,tt2590900
Sezona Lova 01 ( H I S ) -˙ 536.9 MB,https://send.cm/skal3dczn2w1,Sezona Lova 1,, H I S ,tt0400717
Sezona Lova 02 ( Hr ) -˙ 513.2 MB,https://send.cm/qoo2psn0vg3p,Sezona Lova 2,, Hr ,tt1107365
Shaun The Sheep Farmageddon ( Np ) -˙ 367.4 MB,https://send.cm/az3chrdcal9f,Shaun The Sheep Farmageddon,, Np ,tt6193408
Shaun The Sheep Movie ( Np ) -˙ 361.9 MB,https://send.cm/a7v36ehbenmk,Shaun The Sheep Movie,, Np ,tt2872750
Shaun The Sheep The Flight Before Christmas ( Np ) -˙ 208.9 MB,https://send.cm/a2a4vona48zb,Shaun The Sheep The Flight Before Christmas,, Np ,tt15857304
Shrek 02 ( Hr ) -˙ 763.5 MB,https://send.cm/434du5f87r77,Shrek 2,, Hr ,tt0298148
Shrek 03 ( Hr ) -˙ 753.2 MB,https://send.cm/8xmgw2a5ulxq,Shrek 3,, Hr ,tt0413267
Shrek 04 ( H i S ) -˙ 711.5 MB,https://send.cm/7k3nhu7zws7e,Shrek 4,, H i S ,tt0892791
Shrek Prvi Bozic ( Hr ) -˙ 156.6 MB,https://send.cm/5l7iq4kyr2zs,Shrek Prvi Bozic,, Hr ,tt0897387
Simpsonovi ( Hr ) -˙ 373.8 MB,https://send.cm/99z8buzpgu4i,Simpsonovi,, Hr ,tt0462538
Sinbad Legenda O Sedam Mora ( Hr ) -˙ 423.0 MB,https://send.cm/w9xnn713pssq,Sinbad Legenda O Sedam Mora,, Hr ,tt0165982
Skejterica ( Hr ) -˙ 878.7 MB,https://send.cm/pj7v5xay3v3n,Skejterica,, Hr ,tt6964940
Slucajna Raskos Prozirnog Vodenog Rebusa ( Hr ) -˙ 1.1 GB,https://send.cm/j3hna0lol8s7,Slucajna Raskos Prozirnog Vodenog Rebusa,, Hr ,tt12354878
Slurps ( Np ) -˙ 425.4 MB,https://send.cm/cosszax6qila,Slurps,, Np ,tt13700528
Smanjeni Bozic ( H i S ).mp4 -˙ 572.0 MB,https://send.now/4d2ehby0o3jd,Smanjeni Bozic,, H i S ,tt6727816
Snezna Kraljica 02 ( H i S ) -˙ 585.2 MB,https://send.cm/e8h9ynxqw9nk,Snezna Kraljica 2,, H i S ,tt3477554
Snezna Kraljica 03 ( H I S ) -˙ 618.3 MB,https://send.cm/9qc607ur67ol,Snezna Kraljica 3,, H I S ,tt4685554
Sodoma I Gomora ( Sr ) -˙ 203.6 MB,https://send.cm/nx8szwz0o5k1,Sodoma I Gomora,, Sr ,tt0056504
Solan I Ludvig ( Sr ) -˙ 337.8 MB,https://send.cm/t1vhek2ejxha,Solan I Ludvig,, Sr ,tt2769896
Sonikov Bozicni Juris ( Sr ) -˙ 241.1 MB,https://send.cm/4uhjf8tqru5u,Sonikov Bozicni Juris,, Sr ,tt0770807
Spiderman Novi Svet ( H i S ) -˙ 1.7 GB,https://send.cm/sbdbtderl3ul,Spiderman Novi Svet,, H i S ,tt4633694
Spiderman Putovanje Kroz Spider Svijet ( H i S ) -˙ 1.9 GB,https://send.cm/hgelfqsjy8vc,Spiderman Putovanje Kroz Spider Svijet,, H i S ,tt9362722
Sretan Bozic ( Hr ) -˙ 233.8 MB,https://send.cm/vt6q93cxc526,Sretan Bozic,, Hr ,tt12988016
Stopalici ( Hr ) -˙ 555.6 MB,https://send.cm/nviror6fv5da,Stopalici,, Hr ,tt6182908
Strumpfovi 01 ( H I S ) -˙ 785.0 MB,https://send.cm/rvbm1g7iuwar,Strumpfovi 1,, H I S ,tt0472181
Strumpfovi 02 ( H I S ) -˙ 771.8 MB,https://send.cm/djt7w6fe8jrh,Strumpfovi 2,, H I S ,tt18069420
Strumpfovi 2025 ( H I S ).mp4 -˙ 851.3 MB,https://send.now/99s91hnbidhr,Strumpfovi,2025, H I S ,tt18069420
Strumpfovi Legenda O Tajanstvenom Jahacu ( Hr ) -˙ 135.7 MB,https://send.cm/8qhgrink0cv7,Strumpfovi Legenda O Tajanstvenom Jahacu,, Hr ,tt2958484
Strumpfovi Skriveno Selo ( H i S ) -˙ 928.6 MB,https://send.cm/n5275bnjysf4,Strumpfovi Skriveno Selo,, H i S ,tt2398241
Super Mario Bros 2023 ( H i S ) -˙ 1.0 GB,https://send.cm/cx73coxpbdff,Super Mario Bros,2023, H i S ,tt6718170
Super Panda ( H I S ) -˙ 542.0 MB,https://send.cm/e2e4z4emvbwt,Super Panda,, H I S ,tt6314690
Super Spori Super Mocni ( Hr ) -˙ 564.7 MB,https://send.now/i9nqdkim6wnk,Super Spori Super Mocni,, Hr ,tt29362046
Super Zeka ( Sr ) -˙ 447.8 MB,https://send.cm/ocfyx3ct6dzq,Super Zeka,, Sr ,tt7178640
Svemirska Avantura 02 ( Hr ) -˙ 364.7 MB,https://send.cm/2ld0kd1ryhrw,Svemirska Avantura 2,, Hr ,tt0406375
Svemirska Avantura 02 ( Sr ) -˙ 708.6 MB,https://send.cm/mozvrxviiy5n,Svemirska Avantura 2,, Sr ,tt0406375
Svemirska Avantura 03 ( Sr ) -˙ 703.8 MB,https://send.cm/49s23pce3t1k,Svemirska Avantura 3,, Sr ,tt1272051
Svemirski Basket ( Sr ) -˙ 517.3 MB,https://send.cm/zkklx564alz2,Svemirski Basket,, Sr ,tt0117705
Svemirski Basket 2021 ( H i S ) -˙ 1.3 GB,https://send.cm/4dsjre6t0xtd,Svemirski Basket,2021, H i S ,tt0117705
Svi Psi Idu U Raj ( H i S ) -˙ 684.5 MB,https://send.cm/bg98vfos7nje,Svi Psi Idu U Raj,, H i S ,tt0096787
Svjetlosni ( Hr ) -˙ 754.9 MB,https://send.cm/tqy2tu3bhxbq,Svjetlosni,, Hr ,tt10298810
Tabaluga ( H i S ) -˙ 752.0 MB,https://send.cm/bestlbdwdoxi,Tabaluga,, H i S ,tt5817548
Taj Bozic ( Hr ) -˙ 670.3 MB,https://send.now/h78y7yuc18mk,Taj Bozic,, Hr ,tt14855468
Tajna Izgubljenog Kraljevstva ( Sr ) -˙ 401.5 MB,https://send.cm/d1hycq8nok87,Tajna Izgubljenog Kraljevstva,, Sr ,tt5815016
Tajna O Anastasiji ( Hr ) -˙ 283.4 MB,https://send.cm/byz3hswvgph5,Tajna O Anastasiji,, Hr ,tt0130134
Tajna O Mulan ( Hr ) -˙ 303.5 MB,https://send.cm/1w8vp1kh61bb,Tajna O Mulan,, Hr ,tt0218589
Tajni Zivot Ljubimaca 02 ( H i S ) -˙ 749.2 MB,https://send.cm/fyhepo8iyp5k,Tajni Zivot Ljubimaca 2,, H i S ,tt5113040
Tajni Zivot Macaka ( Hr ) -˙ 703.4 MB,https://send.cm/yowrdk5xkwcy,Tajni Zivot Macaka,, Hr ,tt7886614
Tarzan 2013 ( Hr ) -˙ 997.8 MB,https://send.cm/q2v264dl9x39,Tarzan,2013, Hr ,tt0120855
The Casagrandes Film ( Hr ) -˙ 784.0 MB,https://send.cm/avashd2u0d1e,The Casagrandes Film,, Hr ,tt31123288
The House Of Magic ( H i S ) -˙ 545.9 MB,https://send.cm/58r203k2w5cw,The House Of Magic,, H i S ,tt3148834
Titan A.E. ( Hr ) -˙ 521.7 MB,https://send.cm/qv9lb4ux90pl,Titan A.E.,, Hr ,tt0120913
Tom˙ Jerry Brzi I Dlakavi ( Hr ) -˙ 470.4 MB,https://send.cm/jrve66rtr3zx,Tom˙ Jerry Brzi I Dlakavi,, Hr ,tt0487176
Tom˙ Jerry Carobni Prsten ( Hr ) -˙ 272.8 MB,https://send.cm/f80o5dmodlxk,Tom˙ Jerry Carobni Prsten,, Hr ,tt0303151
Tom˙ Jerry Gusari ( Hr ) -˙ 424.7 MB,https://send.cm/4ya96l7zo21x,Tom˙ Jerry Gusari,, Hr ,tt0808508
Tom i Dzeri 2021 ( H i S ) -˙ 1.0 GB,https://send.cm/yj9d5cidiw8v,Tom i Dzeri,2021, H i S ,tt1361336
Tom Sojer ( Hr ) -˙ 257.9 MB,https://send.cm/kzxo5qy47vp6,Tom Sojer,, Hr ,tt1977087
Tom Sojer ( Sr ) -˙ 252.2 MB,https://send.cm/3lr6q3erb7i4,Tom Sojer,, Sr ,tt1977087
Tristan I Izolda ( Hr ) -˙ 390.8 MB,https://send.cm/buyzsv63p326,Tristan I Izolda,, Hr ,tt0375154
Trolovi ( H i S ) -˙ 606.7 MB,https://send.cm/82tmat5mz7a1,Trolovi,, H i S ,tt1679335
Trolovi Bend Na Okupu ( H i S ) -˙ 1010.3 MB,https://send.cm/33wv94i0jyvo,Trolovi Bend Na Okupu,, H i S ,tt14362112
Tudumi ( Hr ) -˙ 770.4 MB,https://send.now/104vhuaautbw,Tudumi,, Hr ,tt0498396
Tukiki ( Sr ) -˙ 120.4 MB,https://send.cm/no981sv0zlx4,Tukiki,, Sr ,tt0269988
Tuljani Specijalci ( Hr ) -˙ 571.1 MB,https://send.cm/7lgepb7lm0e2,Tuljani Specijalci,, Hr ,tt8456190
Turbo ( H I S ) -˙ 663.6 MB,https://send.cm/idgpzgs1xv2a,Turbo,, H I S ,tt1860353
Tvoje Ime ( Sr ) -˙ 545.2 MB,https://send.cm/yu9616bkz03b,Tvoje Ime,, Sr ,tt5726616
Ukradena Princeza ( H i S ).mp4 -˙ 933.0 MB,https://send.cm/nqqmfld8dcpe,Ukradena Princeza,, H i S ,tt5378092
Ulica Sezam ( Hr ).mp4 -˙ 283.6 MB,https://send.cm/ivj847bhomp7,Ulica Sezam,, Hr ,tt1552428
Ultraman 01 ( Sr ).mp4 -˙ 609.3 MB,https://send.cm/mftjo9cu61yh,Ultraman 1,, Sr ,tt4265568
Ultraman Uspon ( Hr ).mp4 -˙ 905.1 MB,https://send.cm/5fx3yubcuhwf,Ultraman Uspon,, Hr ,tt9471678
Ups Noa Je Otisao ( H i S ).mp4 -˙ 521.0 MB,https://send.cm/cnqxd7kx39rg,Ups Noa Je Otisao,, H i S ,tt3411432
Urmel ( Sr ).mp4 -˙ 139.4 MB,https://send.cm/6ktr5ap1x6gu,Urmel,, Sr ,tt1210117
Uskrs U Zemlji Zeceva ( Hr ).mp4 -˙ 209.3 MB,https://send.cm/6b8lmqdlpcq3,Uskrs U Zemlji Zeceva,, Hr ,tt0412677
Uzbuna Na Zelenom Vrhu ( Hr ).mp4 -˙ 451.8 MB,https://send.cm/9kihyuulq4ql,Uzbuna Na Zelenom Vrhu,, Hr ,tt6484954
Vajana 01 ( H i S ).mp4 -˙ 822.8 MB,https://send.cm/27h1qwnhrxkz,Vajana 1,, H i S ,tt3521164
Vajana 02 ( H i S ).mp4 -˙ 1.1 GB,https://send.now/2t16xzxf4396,Vajana 2,, H i S ,tt13622970
Valiant ( Hr ).mp4 -˙ 381.8 MB,https://send.cm/s6wsd6ojwbwi,Valiant,, Hr ,tt0361089
Vampirko ( H i S ).mp4 -˙ 753.2 MB,https://send.cm/dyhkf64v5rax,Vampirko,, H i S ,tt4729560
Varalice ( Hr ).mp4 -˙ 822.5 MB,https://send.cm/nqxmdblkm86k,Varalice,, Hr ,tt1800241
Vasilisa Prekrasna ( Sr ).mp4 -˙ 132.2 MB,https://send.cm/mad6uhbemtq2,Vasilisa Prekrasna,, Sr ,tt2954570
Vatreno Srce ( H i S ).mp4 -˙ 831.0 MB,https://send.cm/r07s8unxvmxs,Vatreno Srce,, H i S ,tt8354218
Veliki Dobrocudni Dzin 2016 ( H i S ).mp4 -˙ 1.0 GB,https://send.cm/81bzehgel4zu,Veliki Dobrocudni Dzin,2016, H i S ,tt3691740
Veliki Strah ( Sr ).mp4 -˙ 160.3 MB,https://send.cm/z8u8nfdm1wtt,Veliki Strah,, Sr ,tt0146833
Veliko Putovanje 02 Specijalna Dostava ( Hr ) -˙ 820.2 MB,https://send.now/bcj3rnvsn2j3,Veliko Putovanje 2 Specijalna Dostava,, Hr ,tt9719256
Veliko Putovanje 02 Specijalna Dostava ( Sr ) -˙ 850.8 MB,https://send.now/xh5f9yytyznw,Veliko Putovanje 2 Specijalna Dostava,, Sr ,tt9719256
Veseli Dozivljaji Cudesnih Mrava ( Hr ).mp4 -˙ 645.1 MB,https://send.cm/9wa1ti795rqf,Veseli Dozivljaji Cudesnih Mrava,, Hr ,tt0272101
Vetar U Vrbaku ( Hr ).mp4 -˙ 313.5 MB,https://send.cm/4sfi0xksxd7v,Vetar U Vrbaku,, Hr ,tt0086590
Vetar U Vrbaku ( Sr ).mp4 -˙ 647.9 MB,https://send.cm/e84tlcdopj7q,Vetar U Vrbaku,, Sr ,tt0086590
Viking Vik i Carobni Mac ( H i S ).mp4 -˙ 678.3 MB,https://send.now/rksx9geg7bc9,Viking Vik i Carobni Mac,, H i S ,tt8065768
Vilenjaci ( Sr ).mp4 -˙ 394.3 MB,https://send.cm/05rhak8am6ls,Vilenjaci,, Sr ,tt15565714
Vivo ( Hr ).mp4 -˙ 734.1 MB,https://send.cm/0thjhytd6ec5,Vivo,, Hr ,tt6338498
Vremeplov ( Hr ) -˙ 449.5 MB,https://send.cm/so0kazacm7b6,Vremeplov,, Hr ,tt0268695
Vrlo Zapetljana Prica ( Tangled ) ( Hr ) -˙ 444.5 MB,https://send.cm/jr3js9q556ik,Vrlo Zapetljana Prica,, Tangled ,tt0398286
Vuk ( Hr ) -˙ 849.3 MB,https://send.cm/zr92xp45k5lj,Vuk,, Hr ,tt0131636
William Tell ( Hr ).mp4 -˙ 191.5 MB,https://send.cm/1vh3zbqpgnvq,William Tell,, Hr ,tt22478818
Winx Carobna Avantura ( H I S ).mp4 -˙ 853.0 MB,https://send.cm/zxa6g9q5bzjy,Winx Carobna Avantura,, H I S ,tt1618450
Winx Club Tajna Izgubljenog Kraljevstva ( H I S ).mp4 -˙ 645.5 MB,https://send.cm/65c6pufw2qyf,Winx Club Tajna Izgubljenog Kraljevstva,, H I S ,tt1206585
Wonka ( H i S ).mp4 -˙ 901.7 MB,https://send.cm/3zkpa9zrjqm0,Wonka,, H i S ,tt6166392
Yankee Doodle ( Hr ).mp4 -˙ 112.0 MB,https://send.cm/kxnmfc73r0nw,Yankee Doodle,, Hr ,tt4225608
Yu Gi Oh Film ( Hr ).mp4 -˙ 510.1 MB,https://send.cm/py40fdz0spp4,Yu Gi Oh Film,, Hr ,tt0403703
Yu Gi Oh Film ( Sr ).mp4 -˙ 412.4 MB,https://send.cm/wc8qnmogx64w,Yu Gi Oh Film,, Sr ,tt0403703
Zaboglavi Zivko ( Hr ) -˙ 638.3 MB,https://send.cm/jkrygrtd29g6,Zaboglavi Zivko,, Hr ,tt1545319
Zacarani ( Hr ) -˙ 1.0 GB,https://send.now/yx6vxciehyh7,Zacarani,, Hr ,tt0146860
Zacarani Grad ( Sr ) -˙ 616.5 MB,https://send.cm/fgwa29c0p1zj,Zacarani Grad,, Sr ,tt0173886
Zamak Na Nebu ( Sr ) -˙ 618.2 MB,https://send.cm/sk7nmbdm2r3j,Zamak Na Nebu,, Sr ,tt0092067
Zambezija ( H I S ) -˙ 533.5 MB,https://send.cm/4c8h3us8je4j,Zambezija,, H I S ,tt1488181
Zathura Svemirska Avantura ( Hr ) -˙ 663.6 MB,https://send.cm/xq66e5y7ymc9,Zathura Svemirska Avantura,, Hr ,tt0406375
Zebra Trkacica ( H i S ) -˙ 1.1 GB,https://send.cm/q3e7qxcl46ko,Zebra Trkacica,, H i S ,tt0376105
Zecija Akademija Nemoguca Misijaja ( Sr ) -˙ 586.1 MB,https://send.cm/6j8t9687cnav,Zecija Akademija Nemoguca Misijaja,, Sr ,tt12631784
Zecko Kos I Tajna Mrkog Hrcka ( Hr ) -˙ 656.8 MB,https://send.cm/vdcwbnfrdswr,Zecko Kos I Tajna Mrkog Hrcka,, Hr ,tt12532368
Zelja ( H i S ) -˙ 792.2 MB,https://send.cm/ycyespp4h070,Zelja,, H i S ,tt0201359
Zemlja Sna ( Hr ) -˙ 1.0 GB,https://send.cm/2iic8mrl5d8p,Zemlja Sna,, Hr ,tt13320662
Zip I Zap ( Sr ) -˙ 349.7 MB,https://send.cm/z88tvgzlz6ts,Zip I Zap,, Sr ,tt4110400
Zivot Buba ( H i S ) -˙ 784.9 MB,https://send.cm/l8yoinksgza7,Zivot Buba,, H i S ,tt0120623
Zlatna Antilopa ( Hr ) -˙ 282.2 MB,https://send.cm/6c8aycbugdqv,Zlatna Antilopa,, Hr ,tt0145799
Zlatna Antilopa ( Sr ) -˙ 154.8 MB,https://send.cm/as48eojr4zp3,Zlatna Antilopa,, Sr ,tt0145799
Zlatokosa ( Hr ) -˙ 253.7 MB,https://send.cm/873q7amqfhnn,Zlatokosa,, Hr ,tt1086780
Zmaj Iz Cajnika ( Hr ) -˙ 586.7 MB,https://send.cm/megya4ug9fmu,Zmaj Iz Cajnika,, Hr ,tt5562070
Zootopia ( H I S ) -˙ 619.4 MB,https://send.cm/9kki3ky68rk8,Zootopia,, H I S ,tt2948356
Zov Divljine ( H I S ) -˙ 288.3 MB,https://send.cm/qea6g231k9t4,Zov Divljine,, H I S ,tt0069197
Zov Divljine ( The Wild ) ( H i S ) -˙ 813.4 MB,https://send.cm/b0wcxdj0o3ym,Zov Divljine,, The Wild ,tt0069197
Zuta Minuta ( H i S ) -˙ 704.6 MB,https://send.cm/mc2ai3fzgf99,Zuta Minuta,, H i S ,tt0371606
Zvonar Crkve Notre Dame ( Hr ) -˙ 290.6 MB,https://send.cm/ajj9nrl2nd0z,Zvonar Crkve Notre Dame,, Hr ,tt0116583
Zvoncica 01 ( H i S ) -˙ 683.8 MB,https://send.cm/zuw5i40u13gk,Zvoncica 1,, H i S ,tt0823671
Zvoncica 02 Izgubljeno Blago ( H I S ) -˙ 747.4 MB,https://send.cm/vjk6yev1pwfa,Zvoncica 2 Izgubljeno Blago,, H I S ,tt1216516
Zvoncica 03 Velicanstveno Vilinsko Spasavanje ( H i S ) -˙ 604.7 MB,https://send.cm/b7ihe2j3ys6s,Zvoncica 3 Velicanstveno Vilinsko Spasavanje,, H i S ,tt1216515
Zvoncica 04 Tajna Krila ( H i S ) -˙ 731.5 MB,https://send.cm/ujmthdqvaov7,Zvoncica 4 Tajna Krila,, H i S ,tt1217213
Zvoncica 05 Gusarska Vila ( H I S ) -˙ 733.4 MB,https://send.cm/fz8fn0hg479v,Zvoncica 5 Gusarska Vila,, H I S ,tt2483260
Zvoncica 06 Cudoviste Iz Nigdjezemske ( H i S ) -˙ 666.0 MB,https://send.cm/3jpi14wst3yn,Zvoncica 6 Cudoviste Iz Nigdjezemske,, H i S ,tt3120408
